{
  "config": {
    "checkpoint_path": "checkpoints/graph_dit_10k.pt",
    "lr": 0.0003,
    "batch_size": 64,
    "n_steps": 2048,
    "n_epochs": 4,
    "n_iterations": 3,
    "use_uncertainty": true,
    "uncertainty_bonus": 0.1,
    "lambda_qed": 0.3,
    "lambda_docking": 0.5,
    "lambda_sa": 0.2,
    "eval_frequency": 10,
    "save_frequency": 20
  },
  "metrics": {
    "rewards": [],
    "pareto_coverage": [],
    "valid_molecules": [],
    "unique_molecules": [],
    "best_molecules": []
  },
  "final_evaluation": {
    "validity_rate": 1.0,
    "pareto_percentage": 0.001,
    "n_pareto": 1,
    "mean_qed": 0.4068079656553945,
    "mean_docking": -8.548857954367449,
    "mean_sa": 1.0,
    "best_molecules": [
      {
        "smiles": "CCO",
        "valid": true,
        "qed": 0.4068079656553945,
        "sa_score": 1.0,
        "docking_score": -15.160185766039298,
        "uncertainty": 0.02914156782900288
      }
    ]
  },
  "run_name": "RL_with_uncertainty_20250801_141926"
}